"scenario","change.year","ramp","cmult","mmult","mselxlab","ssbrho"
"Base Case",2018,0,1,1,"All Ages",2.144444615
"Sudden Cmults",2000,0,1.5,1,"All Ages",1.879638802
"Sudden Cmults",2000,0,2,1,"All Ages",1.492667913
"Sudden Cmults",2000,0,2.5,1,"All Ages",1.218669473
"Sudden Cmults",2000,0,3,1,"All Ages",1.047639694
"Sudden Cmults",2000,0,3.5,1,"All Ages",0.935750874
"Sudden Cmults",2000,0,4,1,"All Ages",0.853883084
"Sudden Cmults",2000,0,4.5,1,"All Ages",0.789280799
"Sudden Cmults",2000,0,5,1,"All Ages",0.735718687
"Sudden Cmults",2005,0,1.5,1,"All Ages",1.727927922
"Sudden Cmults",2005,0,2,1,"All Ages",1.244260772
"Sudden Cmults",2005,0,2.5,1,"All Ages",0.985988662
"Sudden Cmults",2005,0,3,1,"All Ages",0.837586362
"Sudden Cmults",2005,0,3.5,1,"All Ages",0.732451885
"Sudden Cmults",2005,0,4,1,"All Ages",0.64950601
"Sudden Cmults",2005,0,4.5,1,"All Ages",0.580235806
"Sudden Cmults",2005,0,5,1,"All Ages",0.520448988
"Sudden Cmults",2010,0,1.5,1,"All Ages",2.173322232
"Sudden Cmults",2010,0,2,1,"All Ages",1.603466873
"Sudden Cmults",2010,0,2.5,1,"All Ages",1.10436667
"Sudden Cmults",2010,0,3,1,"All Ages",0.812394621
"Sudden Cmults",2010,0,3.5,1,"All Ages",0.667723491
"Sudden Cmults",2010,0,4,1,"All Ages",0.562734305
"Sudden Cmults",2010,0,4.5,1,"All Ages",0.477451046
"Sudden Cmults",2010,0,5,1,"All Ages",0.40484566
"Sudden Cmults",2000,0,5.5,1,"All Ages",0.689804392
"Sudden Cmults",2000,0,6,1,"All Ages",0.649514343
"Sudden Cmults",2000,0,6.5,1,"All Ages",0.613552868
"Sudden Cmults",2000,0,7,1,"All Ages",0.58104119
"Sudden Cmults",2000,0,7.5,1,"All Ages",0.551354519
"Sudden Cmults",2000,0,8,1,"All Ages",0.524032408
"Sudden Cmults",2005,0,5.5,1,"All Ages",0.46776092
"Sudden Cmults",2005,0,6,1,"All Ages",0.420662233
"Sudden Cmults",2005,0,6.5,1,"All Ages",0.378120945
"Sudden Cmults",2005,0,7,1,"All Ages",0.339388861
"Sudden Cmults",2005,0,7.5,1,"All Ages",0.303899165
"Sudden Cmults",2005,0,8,1,"All Ages",0.271208243
"Sudden Cmults",2010,0,5.5,1,"All Ages",0.341487182
"Sudden Cmults",2010,0,6,1,"All Ages",0.28534254
"Sudden Cmults",2010,0,6.5,1,"All Ages",0.235053768
"Sudden Cmults",2010,0,7,1,"All Ages",0.189641297
"Sudden Cmults",2010,0,7.5,1,"All Ages",0.148361532
"Sudden Cmults",2010,0,8,1,"All Ages",0.110630788
"Sudden Cmults",2000,0,8.5,1,"All Ages",0.498724174
"Sudden Cmults",2000,0,9,1,"All Ages",0.475155945
"Sudden Cmults",2000,0,9.5,1,"All Ages",0.453108783
"Sudden Cmults",2000,0,10,1,"All Ages",0.432405448
"Sudden Cmults",2005,0,8.5,1,"All Ages",0.240960292
"Sudden Cmults",2005,0,9,1,"All Ages",0.212863644
"Sudden Cmults",2005,0,9.5,1,"All Ages",0.186676022
"Sudden Cmults",2005,0,10,1,"All Ages",0.162192892
"Sudden Cmults",2010,0,8.5,1,"All Ages",0.075979714
"Sudden Cmults",2010,0,9,1,"All Ages",0.044023862
"Sudden Cmults",2010,0,9.5,1,"All Ages",0.014444078
"Sudden Cmults",2010,0,10,1,"All Ages",-0.013028268
"Sudden Cmults",2015,0,1.5,1,"All Ages",2.176205366
"Sudden Cmults",2015,0,2,1,"All Ages",2.198655062
"Sudden Cmults",2015,0,2.5,1,"All Ages",2.210504581
"Sudden Cmults",2015,0,3,1,"All Ages",2.210778253
"Sudden Cmults",2015,0,3.5,1,"All Ages",2.198952105
"Sudden Cmults",2015,0,4,1,"All Ages",2.175050772
"Sudden Cmults",2015,0,4.5,1,"All Ages",2.13966506
"Sudden Cmults",2015,0,5,1,"All Ages",2.093886575
"Sudden Cmults",2013,0,1.5,1,"All Ages",2.375593198
"Sudden Cmults",2013,0,2,1,"All Ages",2.513249762
"Sudden Cmults",2013,0,2.5,1,"All Ages",2.527459102
"Sudden Cmults",2013,0,3,1,"All Ages",2.436082019
"Sudden Cmults",2013,0,3.5,1,"All Ages",2.286096275
"Sudden Cmults",2013,0,4,1,"All Ages",2.109079761
"Sudden Cmults",2013,0,4.5,1,"All Ages",1.919921435
"Sudden Cmults",2013,0,5,1,"All Ages",1.71858607
"Sudden Cmults",2013,0,5.5,1,"All Ages",1.535883329
"Sudden Cmults",2013,0,6,1,"All Ages",1.373304921
"Sudden Cmults",2013,0,6.5,1,"All Ages",1.228378379
"Sudden Cmults",2013,0,7,1,"All Ages",1.098346071
"Sudden Cmults",2013,0,7.5,1,"All Ages",0.980955389
"Sudden Cmults",2013,0,8,1,"All Ages",0.874433196
"Sudden Cmults",2013,0,8.5,1,"All Ages",0.777367876
"Sudden Cmults",2013,0,9,1,"All Ages",0.688615084
"Sudden Cmults",2013,0,9.5,1,"All Ages",0.607234076
"Sudden Cmults",2013,0,10,1,"All Ages",0.532441864
"Sudden Cmults",2015,0,5.5,1,"All Ages",2.039179023
"Sudden Cmults",2015,0,6,1,"All Ages",1.977210906
"Sudden Cmults",2015,0,6.5,1,"All Ages",1.909695194
"Sudden Cmults",2015,0,7,1,"All Ages",1.838261382
"Sudden Cmults",2015,0,7.5,1,"All Ages",1.764368933
"Sudden Cmults",2015,0,8,1,"All Ages",1.689264131
"Sudden Cmults",2015,0,8.5,1,"All Ages",1.613969768
"Sudden Cmults",2015,0,9,1,"All Ages",1.539294453
"Sudden Cmults",2015,0,9.5,1,"All Ages",1.465857165
"Sudden Cmults",2015,0,10,1,"All Ages",1.394114765
"Ramp4 Cmults",2005,4,2,1,"All Ages",1.353493705
"Ramp4 Cmults",2005,4,3,1,"All Ages",0.923521342
"Ramp4 Cmults",2005,4,4,1,"All Ages",-0.842964401
"Ramp4 Cmults",2005,4,5,1,"All Ages",0.618391641
"Ramp4 Cmults",2005,4,6,1,"All Ages",0.52771873
"Ramp4 Cmults",2005,4,7,1,"All Ages",0.454558268
"Ramp4 Cmults",2005,4,8,1,"All Ages",0.393266588
"Ramp4 Cmults",2005,4,9,1,"All Ages",0.340656414
"Ramp4 Cmults",2005,4,10,1,"All Ages",0.294711322
"Ramp4 Cmults",2010,4,2,1,"All Ages",1.253522885
"Ramp4 Cmults",2010,4,3,1,"All Ages",0.783752651
"Ramp4 Cmults",2010,4,4,1,"All Ages",0.584835369
"Ramp4 Cmults",2010,4,5,1,"All Ages",0.44611349
"Ramp4 Cmults",2010,4,6,1,"All Ages",0.337879692
"Ramp4 Cmults",2010,4,7,1,"All Ages",0.249513178
"Ramp4 Cmults",2010,4,8,1,"All Ages",0.17546049
"Ramp4 Cmults",2010,4,9,1,"All Ages",0.112266666
"Ramp4 Cmults",2010,4,10,1,"All Ages",0.057582003
"Ramp4 Cmults",2013,4,2,1,"All Ages",1.977175989
"Ramp4 Cmults",2013,4,3,1,"All Ages",1.183738365
"Ramp4 Cmults",2013,4,4,1,"All Ages",0.652062348
"Ramp4 Cmults",2013,4,5,1,"All Ages",0.431183784
"Ramp4 Cmults",2013,4,6,1,"All Ages",0.28717398
"Ramp4 Cmults",2013,4,7,1,"All Ages",0.179023919
"Ramp4 Cmults",2013,4,8,1,"All Ages",0.092976723
"Ramp4 Cmults",2013,4,9,1,"All Ages",0.022195777
"Ramp4 Cmults",2013,4,10,1,"All Ages",-0.037370278
"Ramp4 Cmults",2015,4,2,1,"All Ages",2.524322245
"Ramp4 Cmults",2015,4,3,1,"All Ages",2.19086529
"Ramp4 Cmults",2015,4,4,1,"All Ages",1.732090915
"Ramp4 Cmults",2015,4,5,1,"All Ages",1.28963684
"Ramp4 Cmults",2015,4,6,1,"All Ages",0.930316407
"Ramp4 Cmults",2015,4,7,1,"All Ages",0.669089665
"Ramp4 Cmults",2015,4,8,1,"All Ages",0.462729103
"Ramp4 Cmults",2015,4,9,1,"All Ages",0.296187906
"Ramp4 Cmults",2015,4,10,1,"All Ages",0.138695582
"Sudden Cmults",1995,0,2,1,"All Ages",1.626271165
"Sudden Cmults",1995,0,3,1,"All Ages",1.201205427
"Sudden Cmults",1995,0,4,1,"All Ages",0.992927204
"Sudden Cmults",1995,0,5,1,"All Ages",0.872836348
"Sudden Cmults",1995,0,6,1,"All Ages",0.789371636
"Sudden Cmults",1995,0,7,1,"All Ages",0.725257184
"Sudden Cmults",1995,0,8,1,"All Ages",0.673085231
"Sudden Cmults",1995,0,9,1,"All Ages",0.629067534
"Sudden Cmults",1995,0,10,1,"All Ages",0.591010233
"Sudden Mmults",1995,0,1,1.5,"All Ages",2.758494515
"Sudden Mmults",1995,0,1,2,"All Ages",0.158859216
"Sudden Mmults",1995,0,1,2.5,"All Ages",-0.019664073
"Sudden Mmults",1995,0,1,3,"All Ages",-0.169577529
"Sudden Mmults",1995,0,1,3.5,"All Ages",-0.302803941
"Sudden Mmults",1995,0,1,4,"All Ages",-0.418095755
"Sudden Mmults",1995,0,1,4.5,"All Ages",-0.512339263
"Sudden Mmults",1995,0,1,5,"All Ages",-0.585202261
"Sudden Mmults",1995,0,1,5.5,"All Ages",-0.639036867
"Sudden Mmults",1995,0,1,6,"All Ages",-0.677896486
"Sudden Mmults",1995,0,1,6.5,"All Ages",-0.706690078
"Sudden Mmults",1995,0,1,7,"All Ages",-0.729319906
"Sudden Mmults",1995,0,1,7.5,"All Ages",-0.747639601
"Sudden Mmults",1995,0,1,8,"All Ages",-0.761888396
"Sudden Mmults",1995,0,1,8.5,"All Ages",-0.777411164
"Sudden Mmults",1995,0,1,9,"All Ages",-0.781151474
"Sudden Mmults",1995,0,1,9.5,"All Ages",-0.79019204
"Sudden Mmults",1995,0,1,10,"All Ages",-0.799723243
"Sudden Mmults",2000,0,1,1.5,"All Ages",0.455550919
"Sudden Mmults",2000,0,1,2,"All Ages",0.120629386
"Sudden Mmults",2000,0,1,2.5,"All Ages",-0.08350698
"Sudden Mmults",2000,0,1,3,"All Ages",-0.254093818
"Sudden Mmults",2000,0,1,3.5,"All Ages",-0.399740421
"Sudden Mmults",2000,0,1,4,"All Ages",-0.518631963
"Sudden Mmults",2000,0,1,4.5,"All Ages",-0.609773913
"Sudden Mmults",2000,0,1,5,"All Ages",-0.676162012
"Sudden Mmults",2000,0,1,5.5,"All Ages",-0.723089294
"Sudden Mmults",2000,0,1,6,"All Ages",-0.756475511
"Sudden Mmults",2000,0,1,6.5,"All Ages",-0.776119094
"Sudden Mmults",2000,0,1,7,"All Ages",-0.800178848
"Sudden Mmults",2000,0,1,7.5,"All Ages",-0.814691543
"Sudden Mmults",2000,0,1,8,"All Ages",-0.826504675
"Sudden Mmults",2000,0,1,8.5,"All Ages",-0.837691775
"Sudden Mmults",2000,0,1,9,"All Ages",-0.848943724
"Sudden Mmults",2000,0,1,9.5,"All Ages",-0.860106267
"Sudden Mmults",2000,0,1,10,"All Ages",-0.870931693
"Sudden Mmults",2005,0,1,1.5,"All Ages",0.475291312
"Sudden Mmults",2005,0,1,2,"All Ages",0.10584385
"Sudden Mmults",2005,0,1,2.5,"All Ages",-0.132784361
"Sudden Mmults",2005,0,1,3,"All Ages",-0.328494839
"Sudden Mmults",2005,0,1,3.5,"All Ages",-0.486126428
"Sudden Mmults",2005,0,1,4,"All Ages",-0.60522611
"Sudden Mmults",2005,0,1,4.5,"All Ages",-0.689892403
"Sudden Mmults",2005,0,1,5,"All Ages",-0.748043437
"Sudden Mmults",2005,0,1,5.5,"All Ages",-0.787683507
"Sudden Mmults",2005,0,1,6,"All Ages",-0.815288523
"Sudden Mmults",2005,0,1,6.5,"All Ages",-0.835022624
"Sudden Mmults",2005,0,1,7,"All Ages",-0.849676262
"Sudden Mmults",2005,0,1,7.5,"All Ages",-0.862165616
"Sudden Mmults",2005,0,1,8,"All Ages",-0.874319732
"Sudden Mmults",2005,0,1,8.5,"All Ages",-0.886217761
"Sudden Mmults",2005,0,1,9,"All Ages",-0.897502125
"Sudden Mmults",2005,0,1,9.5,"All Ages",-0.907902671
"Sudden Mmults",2005,0,1,10,"All Ages",-0.917860464
"Sudden Mmults",2010,0,1,1.5,"All Ages",0.539442769
"Sudden Mmults",2010,0,1,2,"All Ages",0.122745404
"Sudden Mmults",2010,0,1,2.5,"All Ages",-0.122432645
"Sudden Mmults",2010,0,1,3,"All Ages",-0.328829683
"Sudden Mmults",2010,0,1,3.5,"All Ages",-0.508525343
"Sudden Mmults",2010,0,1,4,"All Ages",-0.647821648
"Sudden Mmults",2010,0,1,4.5,"All Ages",-0.741592734
"Sudden Mmults",2010,0,1,5,"All Ages",-0.800010726
"Sudden Mmults",2010,0,1,5.5,"All Ages",-0.836173977
"Sudden Mmults",2010,0,1,6,"All Ages",-0.859537357
"Sudden Mmults",2010,0,1,6.5,"All Ages",-0.875892832
"Sudden Mmults",2010,0,1,7,"All Ages",-0.889404921
"Sudden Mmults",2010,0,1,7.5,"All Ages",-0.901438007
"Sudden Mmults",2010,0,1,8,"All Ages",-0.912482159
"Sudden Mmults",2010,0,1,8.5,"All Ages",-0.922516995
"Sudden Mmults",2010,0,1,9,"All Ages",-0.931293307
"Sudden Mmults",2010,0,1,9.5,"All Ages",-0.938414675
"Sudden Mmults",2010,0,1,10,"All Ages",-0.914493253
"Sudden Mmults",2013,0,1,1.5,"All Ages",0.873765997
"Sudden Mmults",2013,0,1,2,"All Ages",0.359010889
"Sudden Mmults",2013,0,1,2.5,"All Ages",0.070959516
"Sudden Mmults",2013,0,1,3,"All Ages",-0.135357058
"Sudden Mmults",2013,0,1,3.5,"All Ages",-0.31428391
"Sudden Mmults",2013,0,1,4,"All Ages",-0.476674127
"Sudden Mmults",2013,0,1,4.5,"All Ages",-0.613772005
"Sudden Mmults",2013,0,1,5,"All Ages",-0.71535333
"Sudden Mmults",2013,0,1,5.5,"All Ages",-0.783221408
"Sudden Mmults",2013,0,1,6,"All Ages",-0.827774274
"Sudden Mmults",2013,0,1,6.5,"All Ages",-0.856675175
"Sudden Mmults",2013,0,1,7,"All Ages",-0.875838824
"Sudden Mmults",2013,0,1,7.5,"All Ages",-0.887771378
"Sudden Mmults",2013,0,1,8,"All Ages",-0.892625808
"Sudden Mmults",2013,0,1,8.5,"All Ages",-0.897703605
"Sudden Mmults",2013,0,1,9,"All Ages",-0.903634197
"Sudden Mmults",2013,0,1,9.5,"All Ages",-0.908875743
"Sudden Mmults",2013,0,1,10,"All Ages",-0.910585342
"Sudden Mmults",2015,0,1,1.5,"All Ages",1.500846137
"Sudden Mmults",2015,0,1,2,"All Ages",1.023867737
"Sudden Mmults",2015,0,1,2.5,"All Ages",0.678508398
"Sudden Mmults",2015,0,1,3,"All Ages",0.419290317
"Sudden Mmults",2015,0,1,3.5,"All Ages",0.210547316
"Sudden Mmults",2015,0,1,4,"All Ages",0.029495691
"Sudden Mmults",2015,0,1,4.5,"All Ages",-0.136491786
"Sudden Mmults",2015,0,1,5,"All Ages",-0.291160824
"Sudden Mmults",2015,0,1,5.5,"All Ages",-0.430372805
"Sudden Mmults",2015,0,1,6,"All Ages",-0.546712663
"Sudden Mmults",2015,0,1,6.5,"All Ages",-0.636203944
"Sudden Mmults",2015,0,1,7,"All Ages",-0.700925094
"Sudden Mmults",2015,0,1,7.5,"All Ages",-0.746157608
"Sudden Mmults",2015,0,1,8,"All Ages",-0.777829293
"Sudden Mmults",2015,0,1,8.5,"All Ages",-0.799671212
"Sudden Mmults",2015,0,1,9,"All Ages",-0.812327964
"Sudden Mmults",2015,0,1,9.5,"All Ages",-0.815548436
"Sudden Mmults",2015,0,1,10,"All Ages",-0.814298691
"Sudden Mmults",1995,0,1,2.1,"All Ages",0.119236025
"Sudden Mmults",1995,0,1,2.2,"All Ages",0.08206648
"Sudden Mmults",1995,0,1,2.3,"All Ages",0.046770974
"Sudden Mmults",1995,0,1,2.4,"All Ages",0.012976029
"Sudden Mmults",2000,0,1,2.1,"All Ages",0.075616187
"Sudden Mmults",2000,0,1,2.2,"All Ages",0.033268936
"Sudden Mmults",2000,0,1,2.3,"All Ages",-0.007159621
"Sudden Mmults",2000,0,1,2.4,"All Ages",-0.04596183
"Sudden Mmults",2005,0,1,2.1,"All Ages",0.05339647
"Sudden Mmults",2005,0,1,2.2,"All Ages",0.003792029
"Sudden Mmults",2005,0,1,2.3,"All Ages",-0.043562056
"Sudden Mmults",2005,0,1,2.4,"All Ages",-0.088848583
"Sudden Mmults",2010,0,1,2.1,"All Ages",0.068052203
"Sudden Mmults",2010,0,1,2.2,"All Ages",0.016949701
"Sudden Mmults",2010,0,1,2.3,"All Ages",-0.031439327
"Sudden Mmults",2010,0,1,2.4,"All Ages",-0.07774843
"Sudden Mmults",2013,0,1,2.6,"All Ages",0.026002452
"Sudden Mmults",2013,0,1,2.7,"All Ages",-0.016734276
"Sudden Mmults",2013,0,1,2.8,"All Ages",-0.057662478
"Sudden Mmults",2013,0,1,2.9,"All Ages",-0.097113815
"Sudden Mmults",2015,0,1,4.1,"All Ages",-0.00466067
"Sudden Mmults",2015,0,1,4.2,"All Ages",-0.038300787
"Sudden Mmults",2015,0,1,4.3,"All Ages",-0.071468462
"Sudden Mmults",2015,0,1,4.4,"All Ages",-0.104193653
"Ramp4 Mmults",1995,4,1,1.5,"All Ages",0.468931805
"Ramp4 Mmults",1995,4,1,2,"All Ages",0.169776561
"Ramp4 Mmults",1995,4,1,2.5,"All Ages",-0.000568356
"Ramp4 Mmults",1995,4,1,3,"All Ages",-0.142646379
"Ramp4 Mmults",1995,4,1,3.5,"All Ages",-0.27009062
"Ramp4 Mmults",1995,4,1,4,"All Ages",-0.382538108
"Ramp4 Mmults",1995,4,1,4.5,"All Ages",-0.476677045
"Ramp4 Mmults",1995,4,1,5,"All Ages",-0.551304232
"Ramp4 Mmults",1995,4,1,5.5,"All Ages",-0.607730151
"Ramp4 Mmults",1995,4,1,6,"All Ages",-0.64896003
"Ramp4 Mmults",1995,4,1,6.5,"All Ages",-0.67932289
"Ramp4 Mmults",1995,4,1,7,"All Ages",-0.703001461
"Ramp4 Mmults",1995,4,1,7.5,"All Ages",-0.722435346
"Ramp4 Mmults",1995,4,1,8,"All Ages",-0.738173931
"Ramp4 Mmults",1995,4,1,8.5,"All Ages",-0.749622055
"Ramp4 Mmults",1995,4,1,9,"All Ages",-0.757578477
"Ramp4 Mmults",1995,4,1,9.5,"All Ages",-0.764870126
"Ramp4 Mmults",1995,4,1,10,"All Ages",-0.772853216
"Ramp4 Mmults",2000,4,1,1.5,"All Ages",0.456918178
"Ramp4 Mmults",2000,4,1,2,"All Ages",0.134883915
"Ramp4 Mmults",2000,4,1,2.5,"All Ages",-0.057942657
"Ramp4 Mmults",2000,4,1,3,"All Ages",-0.220046021
"Ramp4 Mmults",2000,4,1,3.5,"All Ages",-0.361143009
"Ramp4 Mmults",2000,4,1,4,"All Ages",-0.479281276
"Ramp4 Mmults",2000,4,1,4.5,"All Ages",-0.572287556
"Ramp4 Mmults",2000,4,1,5,"All Ages",-0.641645173
"Ramp4 Mmults",2000,4,1,5.5,"All Ages",-0.691470927
"Ramp4 Mmults",2000,4,1,6,"All Ages",-0.727097819
"Ramp4 Mmults",2000,4,1,6.5,"All Ages",-0.753617923
"Ramp4 Mmults",2000,4,1,7,"All Ages",-0.774245839
"Ramp4 Mmults",2000,4,1,7.5,"All Ages",-0.790314069
"Ramp4 Mmults",2000,4,1,8,"All Ages",-0.802677201
"Ramp4 Mmults",2000,4,1,8.5,"All Ages",-0.813358203
"Ramp4 Mmults",2000,4,1,9,"All Ages",-0.82404121
"Ramp4 Mmults",2000,4,1,9.5,"All Ages",-0.834992576
"Ramp4 Mmults",2000,4,1,10,"All Ages",-0.846013239
"Ramp4 Mmults",2005,4,1,1.5,"All Ages",0.465008158
"Ramp4 Mmults",2005,4,1,2,"All Ages",0.108303005
"Ramp4 Mmults",2005,4,1,2.5,"All Ages",-0.117575035
"Ramp4 Mmults",2005,4,1,3,"All Ages",-0.303579305
"Ramp4 Mmults",2005,4,1,3.5,"All Ages",-0.456577001
"Ramp4 Mmults",2005,4,1,4,"All Ages",-0.575838453
"Ramp4 Mmults",2005,4,1,4.5,"All Ages",-0.663298237
"Ramp4 Mmults",2005,4,1,5,"All Ages",-0.724807046
"Ramp4 Mmults",2005,4,1,5.5,"All Ages",-0.7673367
"Ramp4 Mmults",2005,4,1,6,"All Ages",-0.797264873
"Ramp4 Mmults",2005,4,1,6.5,"All Ages",-0.819061625
"Ramp4 Mmults",2005,4,1,7,"All Ages",-0.835313329
"Ramp4 Mmults",2005,4,1,7.5,"All Ages",-0.848277476
"Ramp4 Mmults",2005,4,1,8,"All Ages",-0.710826595
"Ramp4 Mmults",2005,4,1,8.5,"All Ages",-0.872093745
"Ramp4 Mmults",2005,4,1,9,"All Ages",-0.494173855
"Ramp4 Mmults",2005,4,1,9.5,"All Ages",-0.894446366
"Ramp4 Mmults",2005,4,1,10,"All Ages",-0.90448228
"Ramp4 Mmults",2010,4,1,1.5,"All Ages",0.498716581
"Ramp4 Mmults",2010,4,1,2,"All Ages",0.107376251
"Ramp4 Mmults",2010,4,1,2.5,"All Ages",-0.13781385
"Ramp4 Mmults",2010,4,1,3,"All Ages",-0.344005474
"Ramp4 Mmults",2010,4,1,3.5,"All Ages",-0.516145168
"Ramp4 Mmults",2010,4,1,4,"All Ages",-0.643190989
"Ramp4 Mmults",2010,4,1,4.5,"All Ages",-0.727905202
"Ramp4 Mmults",2010,4,1,5,"All Ages",-0.782427041
"Ramp4 Mmults",2010,4,1,5.5,"All Ages",-0.77723379
"Ramp4 Mmults",2010,4,1,6,"All Ages",-0.842563741
"Ramp4 Mmults",2010,4,1,6.5,"All Ages",-0.860075473
"Ramp4 Mmults",2010,4,1,7,"All Ages",-0.873721849
"Ramp4 Mmults",2010,4,1,7.5,"All Ages",-0.886302891
"Ramp4 Mmults",2010,4,1,8,"All Ages",-0.898383081
"Ramp4 Mmults",2010,4,1,8.5,"All Ages",-0.909719774
"Ramp4 Mmults",2010,4,1,9,"All Ages",-0.920112414
"Ramp4 Mmults",2010,4,1,9.5,"All Ages",-0.929363753
"Ramp4 Mmults",2010,4,1,10,"All Ages",-0.937356377
"Ramp4 Mmults",2013,4,1,1.5,"All Ages",0.621443499
"Ramp4 Mmults",2013,4,1,2,"All Ages",0.175716399
"Ramp4 Mmults",2013,4,1,2.5,"All Ages",-0.071319704
"Ramp4 Mmults",2013,4,1,3,"All Ages",-0.273226794
"Ramp4 Mmults",2013,4,1,3.5,"All Ages",-0.454694026
"Ramp4 Mmults",2013,4,1,4,"All Ages",-0.607151544
"Ramp4 Mmults",2013,4,1,4.5,"All Ages",-0.71793971
"Ramp4 Mmults",2013,4,1,5,"All Ages",-0.789555571
"Ramp4 Mmults",2013,4,1,5.5,"All Ages",-0.823758082
"Ramp4 Mmults",2013,4,1,6,"All Ages",-0.861618926
"Ramp4 Mmults",2013,4,1,6.5,"All Ages",-0.880442269
"Ramp4 Mmults",2013,4,1,7,"All Ages",-0.894941621
"Ramp4 Mmults",2013,4,1,7.5,"All Ages",-0.90689911
"Ramp4 Mmults",2013,4,1,8,"All Ages",-0.9174152
"Ramp4 Mmults",2013,4,1,8.5,"All Ages",-0.926570239
"Ramp4 Mmults",2013,4,1,9,"All Ages",-0.933789277
"Ramp4 Mmults",2013,4,1,9.5,"All Ages",-0.913260286
"Ramp4 Mmults",2013,4,1,10,"All Ages",-0.916484102
"Ramp4 Mmults",2015,4,1,1.5,"All Ages",0.881029955
"Ramp4 Mmults",2015,4,1,2,"All Ages",0.381171727
"Ramp4 Mmults",2015,4,1,2.5,"All Ages",0.099416603
"Ramp4 Mmults",2015,4,1,3,"All Ages",-0.099988465
"Ramp4 Mmults",2015,4,1,3.5,"All Ages",-0.273581801
"Ramp4 Mmults",2015,4,1,4,"All Ages",-0.434417274
"Ramp4 Mmults",2015,4,1,4.5,"All Ages",-0.576126959
"Ramp4 Mmults",2015,4,1,5,"All Ages",-0.686668421
"Ramp4 Mmults",2015,4,1,5.5,"All Ages",-0.763660224
"Ramp4 Mmults",2015,4,1,6,"All Ages",-0.814302141
"Ramp4 Mmults",2015,4,1,6.5,"All Ages",-0.848438666
"Ramp4 Mmults",2015,4,1,7,"All Ages",-0.871240632
"Ramp4 Mmults",2015,4,1,7.5,"All Ages",-0.886733927
"Ramp4 Mmults",2015,4,1,8,"All Ages",-0.894412527
"Ramp4 Mmults",2015,4,1,8.5,"All Ages",-0.897872898
"Ramp4 Mmults",2015,4,1,9,"All Ages",-0.90320797
"Ramp4 Mmults",2015,4,1,9.5,"All Ages",-0.908749514
"Ramp4 Mmults",2015,4,1,10,"All Ages",-0.952757072
"Ramp4 Mmults",2000,4,1,2.1,"All Ages",0.09229832
"Ramp4 Mmults",2000,4,1,2.2,"All Ages",0.052259504
"Ramp4 Mmults",2000,4,1,2.3,"All Ages",0.014100036
"Ramp4 Mmults",2000,4,1,2.4,"All Ages",-0.022514661
"Ramp4 Mmults",2005,4,1,2.1,"All Ages",0.058568501
"Ramp4 Mmults",2005,4,1,2.2,"All Ages",0.011674544
"Ramp4 Mmults",2005,4,1,2.3,"All Ages",-0.033117443
"Ramp4 Mmults",2005,4,1,2.4,"All Ages",-0.076031862
"Ramp4 Mmults",2010,4,1,2.1,"All Ages",0.053168358
"Ramp4 Mmults",2010,4,1,2.2,"All Ages",0.002148287
"Ramp4 Mmults",2010,4,1,2.3,"All Ages",-0.046330172
"Ramp4 Mmults",2010,4,1,2.4,"All Ages",-0.092818145
"Ramp4 Mmults",2013,4,1,2.1,"All Ages",0.119174526
"Ramp4 Mmults",2013,4,1,2.2,"All Ages",0.067278548
"Ramp4 Mmults",2013,4,1,2.3,"All Ages",0.018707093
"Ramp4 Mmults",2013,4,1,2.4,"All Ages",-0.027301374
"Ramp4 Mmults",2015,4,1,2.6,"All Ages",0.055959092
"Ramp4 Mmults",2015,4,1,2.7,"All Ages",0.014655627
"Ramp4 Mmults",2015,4,1,2.8,"All Ages",-0.024895743
"Ramp4 Mmults",2015,4,1,2.9,"All Ages",-0.063021738
"Ramp9 Mmults",1995,9,1,1.5,"All Ages",0.468905597
"Ramp9 Mmults",1995,9,1,2,"All Ages",0.176682409
"Ramp9 Mmults",1995,9,1,2.5,"All Ages",0.0167385
"Ramp9 Mmults",1995,9,1,3,"All Ages",-0.114401148
"Ramp9 Mmults",1995,9,1,3.5,"All Ages",-0.232701476
"Ramp9 Mmults",1995,9,1,4,"All Ages",-0.339552737
"Ramp9 Mmults",1995,9,1,4.5,"All Ages",0.361290747
"Ramp9 Mmults",1995,9,1,5,"All Ages",-0.508008845
"Ramp9 Mmults",2000,9,1,1.5,"All Ages",0.462135078
"Ramp9 Mmults",2000,9,1,2,"All Ages",0.150847664
"Ramp9 Mmults",2000,9,1,2.5,"All Ages",-0.031165532
"Ramp9 Mmults",2000,9,1,3,"All Ages",-0.183758222
"Ramp9 Mmults",2000,9,1,3.5,"All Ages",-0.31861962
"Ramp9 Mmults",2000,9,1,4,"All Ages",-0.434548953
"Ramp9 Mmults",2000,9,1,4.5,"All Ages",-0.528733785
"Ramp9 Mmults",2000,9,1,5,"All Ages",-0.3981592
"Ramp9 Mmults",2005,9,1,1.5,"All Ages",0.459928889
"Ramp9 Mmults",2005,9,1,2,"All Ages",0.11872157
"Ramp9 Mmults",2005,9,1,2.5,"All Ages",-0.090195098
"Ramp9 Mmults",2005,9,1,3,"All Ages",-0.264120207
"Ramp9 Mmults",2005,9,1,3.5,"All Ages",-0.411446781
"Ramp9 Mmults",2005,9,1,4,"All Ages",-0.530683658
"Ramp9 Mmults",2005,9,1,4.5,"All Ages",-0.621442652
"Ramp9 Mmults",2005,9,1,5,"All Ages",-0.687263381
"Ramp9 Mmults",2010,9,1,1.5,"All Ages",0.481109683
"Ramp9 Mmults",2010,9,1,2,"All Ages",0.105881538
"Ramp9 Mmults",2010,9,1,2.5,"All Ages",-0.130341318
"Ramp9 Mmults",2010,9,1,3,"All Ages",-0.328047343
"Ramp9 Mmults",2010,9,1,3.5,"All Ages",-0.491198042
"Ramp9 Mmults",2010,9,1,4,"All Ages",-0.614075958
"Ramp9 Mmults",2010,9,1,4.5,"All Ages",-0.699645019
"Ramp9 Mmults",2010,9,1,5,"All Ages",-0.75735374
"Ramp9 Mmults",2013,9,1,1.5,"All Ages",0.541053226
"Ramp9 Mmults",2013,9,1,2,"All Ages",0.133736334
"Ramp9 Mmults",2013,9,1,2.5,"All Ages",-0.10940108
"Ramp9 Mmults",2013,9,1,3,"All Ages",-0.31354581
"Ramp9 Mmults",2013,9,1,3.5,"All Ages",-0.491139987
"Ramp9 Mmults",2013,9,1,4,"All Ages",-0.630320534
"Ramp9 Mmults",2013,9,1,4.5,"All Ages",-0.725527602
"Ramp9 Mmults",2013,9,1,5,"All Ages",-0.78596309
"Ramp9 Mmults",2015,9,1,1.5,"All Ages",0.646174279
"Ramp9 Mmults",2015,9,1,2,"All Ages",0.205461081
"Ramp9 Mmults",2015,9,1,2.5,"All Ages",-0.039768308
"Ramp9 Mmults",2015,9,1,3,"All Ages",-0.239340162
"Ramp9 Mmults",2015,9,1,3.5,"All Ages",-0.419604856
"Ramp9 Mmults",2015,9,1,4,"All Ages",-0.575271672
"Ramp9 Mmults",2015,9,1,4.5,"All Ages",-0.693092113
"Ramp9 Mmults",2015,9,1,5,"All Ages",-0.772255041
"Young Ramp9 Mmults",1995,9,1,2,"Young",1.601395157
"Young Ramp9 Mmults",1995,9,1,3,"Young",0.921408508
"Young Ramp9 Mmults",1995,9,1,4,"Young",0.446262243
"Young Ramp9 Mmults",1995,9,1,5,"Young",0.171019057
"Young Ramp9 Mmults",1995,9,1,6,"Young",-0.039532281
"Young Ramp9 Mmults",1995,9,1,7,"Young",-0.217836667
"Young Ramp9 Mmults",1995,9,1,8,"Young",-0.368332941
"Young Ramp9 Mmults",1995,9,1,9,"Young",-0.491885324
"Young Ramp9 Mmults",1995,9,1,10,"Young",-0.59187857
"Young Ramp9 Mmults",2000,9,1,2,"Young",1.454393096
"Young Ramp9 Mmults",2000,9,1,3,"Young",0.717405592
"Young Ramp9 Mmults",2000,9,1,4,"Young",0.245059213
"Young Ramp9 Mmults",2000,9,1,5,"Young",-0.035353473
"Young Ramp9 Mmults",2000,9,1,6,"Young",-0.251765555
"Young Ramp9 Mmults",2000,9,1,7,"Young",-0.424318384
"Young Ramp9 Mmults",2000,9,1,8,"Young",-0.557237271
"Young Ramp9 Mmults",2000,9,1,9,"Young",-0.657203931
"Young Ramp9 Mmults",2000,9,1,10,"Young",-0.733122021
"Young Ramp9 Mmults",2005,9,1,2,"Young",1.316084845
"Young Ramp9 Mmults",2005,9,1,3,"Young",0.515610585
"Young Ramp9 Mmults",2005,9,1,4,"Young",0.059088264
"Young Ramp9 Mmults",2005,9,1,5,"Young",-0.227738495
"Young Ramp9 Mmults",2005,9,1,6,"Young",-0.441427071
"Young Ramp9 Mmults",2005,9,1,7,"Young",-0.595375997
"Young Ramp9 Mmults",2005,9,1,8,"Young",-0.701458557
"Young Ramp9 Mmults",2005,9,1,9,"Young",-0.774840321
"Young Ramp9 Mmults",2005,9,1,10,"Young",-0.827824672
"Young Ramp9 Mmults",2010,9,1,2,"Young",1.343444497
"Young Ramp9 Mmults",2010,9,1,3,"Young",0.462522864
"Young Ramp9 Mmults",2010,9,1,4,"Young",-0.069839626
"Young Ramp9 Mmults",2010,9,1,5,"Young",-0.378276448
"Young Ramp9 Mmults",2010,9,1,6,"Young",-0.587408319
"Young Ramp9 Mmults",2010,9,1,7,"Young",-0.718304393
"Young Ramp9 Mmults",2010,9,1,8,"Young",-0.798323892
"Young Ramp9 Mmults",2010,9,1,9,"Young",-0.848664586
"Young Ramp9 Mmults",2010,9,1,10,"Young",-0.881994988
"Young Ramp9 Mmults",2013,9,1,2,"Young",1.602678123
"Young Ramp9 Mmults",2013,9,1,3,"Young",0.755747414
"Young Ramp9 Mmults",2013,9,1,4,"Young",0.059196521
"Young Ramp9 Mmults",2013,9,1,5,"Young",-0.366184184
"Young Ramp9 Mmults",2013,9,1,6,"Young",-0.615211064
"Young Ramp9 Mmults",2013,9,1,7,"Young",-0.753789156
"Young Ramp9 Mmults",2013,9,1,8,"Young",-0.828853421
"Young Ramp9 Mmults",2013,9,1,9,"Young",-0.871128516
"Young Ramp9 Mmults",2013,9,1,10,"Young",-0.895793778
"Young Ramp9 Mmults",2015,9,1,2,"Young",1.876517765
"Young Ramp9 Mmults",2015,9,1,3,"Young",1.243409852
"Young Ramp9 Mmults",2015,9,1,4,"Young",0.567904017
"Young Ramp9 Mmults",2015,9,1,5,"Young",-0.028083153
"Young Ramp9 Mmults",2015,9,1,6,"Young",-0.462001536
"Young Ramp9 Mmults",2015,9,1,7,"Young",-0.685381848
"Young Ramp9 Mmults",2015,9,1,8,"Young",-0.799416475
"Young Ramp9 Mmults",2015,9,1,9,"Young",-0.858104973
"Young Ramp9 Mmults",2015,9,1,10,"Young",-0.890089883
"Young Ramp9 Mmults",1995,9,1,5.5,"Young",0.060870773
"Young Ramp9 Mmults",1995,9,1,5.6,"Young",0.040103025
"Young Ramp9 Mmults",1995,9,1,5.7,"Young",0.019695262
"Young Ramp9 Mmults",1995,9,1,5.8,"Young",-0.000370662
"Young Ramp9 Mmults",1995,9,1,5.9,"Young",-0.020108971
"Young Ramp9 Mmults",2000,9,1,4.5,"Young",0.093611863
"Young Ramp9 Mmults",2000,9,1,4.6,"Young",0.066369209
"Young Ramp9 Mmults",2000,9,1,4.7,"Young",0.039912433
"Young Ramp9 Mmults",2000,9,1,4.8,"Young",0.014175179
"Young Ramp9 Mmults",2000,9,1,4.9,"Young",-0.010898053
"Young Ramp9 Mmults",2015,9,1,4.5,"Young",0.24612269
"Young Ramp9 Mmults",2015,9,1,4.6,"Young",0.187405311
"Young Ramp9 Mmults",2015,9,1,4.7,"Young",0.130636219
"Young Ramp9 Mmults",2015,9,1,4.8,"Young",0.075805687
"Young Ramp9 Mmults",2015,9,1,4.9,"Young",0.022903087
"Young Ramp9 Mmults",2005,9,1,4.1,"Young",0.025961486
"Young Ramp9 Mmults",2005,9,1,4.2,"Young",-0.005945094
"Young Ramp9 Mmults",2005,9,1,4.3,"Young",-0.036751234
"Young Ramp9 Mmults",2005,9,1,4.4,"Young",-0.066553147
"Young Ramp9 Mmults",2005,9,1,4.5,"Young",-0.095428682
"Young Ramp9 Mmults",2013,9,1,4.1,"Young",0.002129051
"Young Ramp9 Mmults",2013,9,1,4.2,"Young",-0.05000776
"Young Ramp9 Mmults",2013,9,1,4.3,"Young",-0.098180295
"Young Ramp9 Mmults",2013,9,1,4.4,"Young",-0.143123065
"Young Ramp9 Mmults",2013,9,1,4.5,"Young",-0.185366955
"Young Ramp9 Mmults",2010,9,1,3.5,"Young",0.142642671
"Young Ramp9 Mmults",2010,9,1,3.6,"Young",0.094801006
"Young Ramp9 Mmults",2010,9,1,3.7,"Young",0.050121948
"Young Ramp9 Mmults",2010,9,1,3.8,"Young",0.008048618
"Young Ramp9 Mmults",2010,9,1,3.9,"Young",-0.031835006
"Old Ramp9 Mmults",1995,9,1,2,"Old",0.185402413
"Old Ramp9 Mmults",1995,9,1,3,"Old",-0.024011309
"Old Ramp9 Mmults",1995,9,1,4,"Old",-0.150366313
"Old Ramp9 Mmults",1995,9,1,5,"Old",-0.245344387
"Old Ramp9 Mmults",1995,9,1,6,"Old",-0.324250934
"Old Ramp9 Mmults",1995,9,1,7,"Old",-0.393094322
"Old Ramp9 Mmults",1995,9,1,8,"Old",-0.453170976
"Old Ramp9 Mmults",1995,9,1,9,"Old",-0.503976318
"Old Ramp9 Mmults",1995,9,1,10,"Old",-0.544438308
"Old Ramp9 Mmults",2000,9,1,2,"Old",0.190640046
"Old Ramp9 Mmults",2000,9,1,3,"Old",-0.024713783
"Old Ramp9 Mmults",2000,9,1,4,"Old",-0.156382847
"Old Ramp9 Mmults",2000,9,1,5,"Old",-0.256434774
"Old Ramp9 Mmults",2000,9,1,6,"Old",-0.339473359
"Old Ramp9 Mmults",2000,9,1,7,"Old",-0.41070958
"Old Ramp9 Mmults",2000,9,1,8,"Old",-0.471084532
"Old Ramp9 Mmults",2000,9,1,9,"Old",-0.520055468
"Old Ramp9 Mmults",2000,9,1,10,"Old",-0.556713475
"Old Ramp9 Mmults",2005,9,1,2,"Old",0.193985263
"Old Ramp9 Mmults",2005,9,1,3,"Old",-0.033724774
"Old Ramp9 Mmults",2005,9,1,4,"Old",-0.171927806
"Old Ramp9 Mmults",2005,9,1,5,"Old",-0.276858952
"Old Ramp9 Mmults",2005,9,1,6,"Old",-0.363123634
"Old Ramp9 Mmults",2005,9,1,7,"Old",-0.435534191
"Old Ramp9 Mmults",2005,9,1,8,"Old",-0.494992239
"Old Ramp9 Mmults",2005,9,1,9,"Old",-0.541130006
"Old Ramp9 Mmults",2005,9,1,10,"Old",-0.573552847
"Old Ramp9 Mmults",2010,9,1,2,"Old",0.219813538
"Old Ramp9 Mmults",2010,9,1,3,"Old",-0.038595541
"Old Ramp9 Mmults",2010,9,1,4,"Old",-0.193797619
"Old Ramp9 Mmults",2010,9,1,5,"Old",-0.308502921
"Old Ramp9 Mmults",2010,9,1,6,"Old",-0.399187804
"Old Ramp9 Mmults",2010,9,1,7,"Old",-0.471887444
"Old Ramp9 Mmults",2010,9,1,8,"Old",-0.528879346
"Old Ramp9 Mmults",2010,9,1,9,"Old",-0.571098982
"Old Ramp9 Mmults",2010,9,1,10,"Old",-0.599507793
"Old Ramp9 Mmults",2013,9,1,2,"Old",4.622224846
"Old Ramp9 Mmults",2013,9,1,3,"Old",-0.01869374
"Old Ramp9 Mmults",2013,9,1,4,"Old",-0.18876924
"Old Ramp9 Mmults",2013,9,1,5,"Old",-0.31462086
"Old Ramp9 Mmults",2013,9,1,6,"Old",-0.411228546
"Old Ramp9 Mmults",2013,9,1,7,"Old",-0.484935141
"Old Ramp9 Mmults",2013,9,1,8,"Old",-0.539532901
"Old Ramp9 Mmults",2013,9,1,9,"Old",-0.578128268
"Old Ramp9 Mmults",2013,9,1,10,"Old",-0.60397809
"Old Ramp9 Mmults",2015,9,1,2,"Old",0.299645816
"Old Ramp9 Mmults",2015,9,1,3,"Old",0.018656542
"Old Ramp9 Mmults",2015,9,1,4,"Old",-0.157522164
"Old Ramp9 Mmults",2015,9,1,5,"Old",-0.29018924
"Old Ramp9 Mmults",2015,9,1,6,"Old",-0.392082843
"Old Ramp9 Mmults",2015,9,1,7,"Old",-0.468574575
"Old Ramp9 Mmults",2015,9,1,8,"Old",-0.52397698
"Old Ramp9 Mmults",2015,9,1,9,"Old",-0.562733519
"Old Ramp9 Mmults",2015,9,1,10,"Old",-0.589253099
"Old Ramp9 Mmults",1995,9,1,2.5,"Old",0.063392208
"Old Ramp9 Mmults",1995,9,1,2.6,"Old",0.043633913
"Old Ramp9 Mmults",1995,9,1,2.7,"Old",0.025158502
"Old Ramp9 Mmults",1995,9,1,2.8,"Old",0.007734622
"Old Ramp9 Mmults",1995,9,1,2.9,"Old",-0.008548921
"Old Ramp9 Mmults",2000,9,1,2.5,"Old",0.065216071
"Old Ramp9 Mmults",2000,9,1,2.6,"Old",0.044973525
"Old Ramp9 Mmults",2000,9,1,2.7,"Old",0.025935947
"Old Ramp9 Mmults",2000,9,1,2.8,"Old",0.00804488
"Old Ramp9 Mmults",2000,9,1,2.9,"Old",-0.008703987
"Old Ramp9 Mmults",2005,9,1,2.5,"Old",0.060616585
"Old Ramp9 Mmults",2005,9,1,2.6,"Old",0.039413623
"Old Ramp9 Mmults",2005,9,1,2.7,"Old",0.019447274
"Old Ramp9 Mmults",2005,9,1,2.8,"Old",0.000721171
"Old Ramp9 Mmults",2005,9,1,2.9,"Old",-0.016893146
"Old Ramp9 Mmults",2010,9,1,2.5,"Old",0.068872822
"Old Ramp9 Mmults",2010,9,1,2.6,"Old",0.04480517
"Old Ramp9 Mmults",2010,9,1,2.7,"Old",0.02217911
"Old Ramp9 Mmults",2010,9,1,2.8,"Old",0.000749843
"Old Ramp9 Mmults",2010,9,1,2.9,"Old",-0.019448201
"Old Ramp9 Mmults",2013,9,1,2.5,"Old",0.095957174
"Old Ramp9 Mmults",2013,9,1,2.6,"Old",0.070573476
"Old Ramp9 Mmults",2013,9,1,2.7,"Old",0.04653068
"Old Ramp9 Mmults",2013,9,1,2.8,"Old",0.023763954
"Old Ramp9 Mmults",2013,9,1,2.9,"Old",0.002043784
"Old Ramp9 Mmults",2015,9,1,2.5,"Old",0.135846172
"Old Ramp9 Mmults",2015,9,1,2.6,"Old",0.109926289
"Old Ramp9 Mmults",2015,9,1,2.7,"Old",0.085439248
"Old Ramp9 Mmults",2015,9,1,2.8,"Old",0.062171571
"Old Ramp9 Mmults",2015,9,1,2.9,"Old",0.039955373
"Young Sudden Mmults",1995,0,1,2,"Young",1.474407577
"Young Sudden Mmults",1995,0,1,3,"Young",0.746555398
"Young Sudden Mmults",1995,0,1,4,"Young",0.279237013
"Young Sudden Mmults",1995,0,1,5,"Young",0.002414459
"Young Sudden Mmults",1995,0,1,6,"Young",-0.213800342
"Young Sudden Mmults",1995,0,1,7,"Young",-0.389269073
"Young Sudden Mmults",1995,0,1,8,"Young",-0.52687863
"Young Sudden Mmults",1995,0,1,9,"Young",-0.632102064
"Young Sudden Mmults",1995,0,1,10,"Young",7.503956392
"Young Sudden Mmults",2000,0,1,2,"Young",1.321329559
"Young Sudden Mmults",2000,0,1,3,"Young",0.532866319
"Young Sudden Mmults",2000,0,1,4,"Young",0.078387758
"Young Sudden Mmults",2000,0,1,5,"Young",-0.204826917
"Young Sudden Mmults",2000,0,1,6,"Young",-0.417552472
"Young Sudden Mmults",2000,0,1,7,"Young",-0.57426463
"Young Sudden Mmults",2000,0,1,8,"Young",-0.683772715
"Young Sudden Mmults",2000,0,1,9,"Young",-0.760879912
"Young Sudden Mmults",2000,0,1,10,"Young",-0.817173667
"Young Sudden Mmults",2005,0,1,2,"Young",1.231056165
"Young Sudden Mmults",2005,0,1,3,"Young",0.379799954
"Young Sudden Mmults",2005,0,1,4,"Young",-0.067144583
"Young Sudden Mmults",2005,0,1,5,"Young",-0.358769963
"Young Sudden Mmults",2005,0,1,6,"Young",-0.564437206
"Young Sudden Mmults",2005,0,1,7,"Young",-0.698616859
"Young Sudden Mmults",2005,0,1,8,"Young",-0.79453692
"Young Sudden Mmults",2005,0,1,9,"Young",-0.839611596
"Young Sudden Mmults",2005,0,1,10,"Young",-0.879333437
"Young Sudden Mmults",2010,0,1,2,"Young",1.79192137
"Young Sudden Mmults",2010,0,1,3,"Young",0.940196416
"Young Sudden Mmults",2010,0,1,4,"Young",0.073987192
"Young Sudden Mmults",2010,0,1,5,"Young",-0.45897816
"Young Sudden Mmults",2010,0,1,6,"Young",-0.673700267
"Young Sudden Mmults",2010,0,1,7,"Young",-0.774497519
"Young Sudden Mmults",2010,0,1,8,"Young",-0.847332927
"Young Sudden Mmults",2010,0,1,9,"Young",-0.88147447
"Young Sudden Mmults",2010,0,1,10,"Young",-0.901169084
"Young Sudden Mmults",2013,0,1,2,"Young",2.276928378
"Young Sudden Mmults",2013,0,1,3,"Young",2.29567351
"Young Sudden Mmults",2013,0,1,4,"Young",2.219326349
"Young Sudden Mmults",2013,0,1,5,"Young",1.957613199
"Young Sudden Mmults",2013,0,1,6,"Young",1.392539081
"Young Sudden Mmults",2013,0,1,7,"Young",0.728645898
"Young Sudden Mmults",2013,0,1,8,"Young",0.216126207
"Young Sudden Mmults",2013,0,1,9,"Young",-0.108376676
"Young Sudden Mmults",2013,0,1,10,"Young",-0.297995363
"Young Sudden Mmults",2015,0,1,2,"Young",2.518854256
"Young Sudden Mmults",2015,0,1,3,"Young",2.932317349
"Young Sudden Mmults",2015,0,1,4,"Young",3.413414947
"Young Sudden Mmults",2015,0,1,5,"Young",3.998477627
"Young Sudden Mmults",2015,0,1,6,"Young",4.737207357
"Young Sudden Mmults",2015,0,1,7,"Young",5.703430297
"Young Sudden Mmults",2015,0,1,8,"Young",6.934492829
"Young Sudden Mmults",2015,0,1,9,"Young",7.770002643
"Young Sudden Mmults",2015,0,1,10,"Young",7.682681024
"Young Sudden Mmults",1995,0,1,5.1,"Young",-0.021278994
"Young Sudden Mmults",1995,0,1,5.2,"Young",-0.044460966
"Young Sudden Mmults",1995,0,1,5.3,"Young",-0.067157217
"Young Sudden Mmults",1995,0,1,5.4,"Young",-0.089389741
"Young Sudden Mmults",1995,0,1,5.5,"Young",-0.111175607
"Young Sudden Mmults",2000,0,1,4.1,"Young",0.045637275
"Young Sudden Mmults",2000,0,1,4.2,"Young",0.014118434
"Young Sudden Mmults",2000,0,1,4.3,"Young",-0.016294181
"Young Sudden Mmults",2000,0,1,4.4,"Young",-0.045703669
"Young Sudden Mmults",2000,0,1,4.5,"Young",-0.074193171
"Young Sudden Mmults",2010,0,1,4.1,"Young",0.005292229
"Young Sudden Mmults",2010,0,1,4.2,"Young",-0.058565394
"Young Sudden Mmults",2010,0,1,4.3,"Young",-0.136332517
"Young Sudden Mmults",2010,0,1,4.4,"Young",-0.220902464
"Young Sudden Mmults",2010,0,1,4.5,"Young",-0.275158948
"Young Sudden Mmults",2005,0,1,3.5,"Young",0.123239899
"Young Sudden Mmults",2005,0,1,3.6,"Young",0.081561242
"Young Sudden Mmults",2005,0,1,3.7,"Young",0.041935597
"Young Sudden Mmults",2005,0,1,3.8,"Young",0.004080219
"Young Sudden Mmults",2005,0,1,3.9,"Young",-0.032223121
"Young Sudden Mmults",2013,0,1,8.5,"Young",0.032089274
"Young Sudden Mmults",2013,0,1,8.6,"Young",0.000652003
"Young Sudden Mmults",2013,0,1,8.7,"Young",0.044586519
"Young Sudden Mmults",2013,0,1,8.8,"Young",-0.057008008
"Young Sudden Mmults",2013,0,1,8.9,"Young",-0.083418186
"Old Sudden Mmults",1995,0,1,2,"Old",0.193264892
"Old Sudden Mmults",1995,0,1,3,"Old",-0.020859523
"Old Sudden Mmults",1995,0,1,4,"Old",-0.152552503
"Old Sudden Mmults",1995,0,1,5,"Old",-0.253290639
"Old Sudden Mmults",1995,0,1,6,"Old",-0.337269047
"Old Sudden Mmults",1995,0,1,7,"Old",-0.409286256
"Old Sudden Mmults",1995,0,1,8,"Old",-0.469966537
"Old Sudden Mmults",1995,0,1,9,"Old",-0.518551317
"Old Sudden Mmults",1995,0,1,10,"Old",-0.554063372
"Old Sudden Mmults",2000,0,1,2,"Old",0.192564976
"Old Sudden Mmults",2000,0,1,3,"Old",-0.031539829
"Old Sudden Mmults",2000,0,1,4,"Old",-0.169638641
"Old Sudden Mmults",2000,0,1,5,"Old",-0.275610481
"Old Sudden Mmults",2000,0,1,6,"Old",-0.363217823
"Old Sudden Mmults",2000,0,1,7,"Old",-0.436691317
"Old Sudden Mmults",2000,0,1,8,"Old",-0.496608412
"Old Sudden Mmults",2000,0,1,9,"Old",-0.542467996
"Old Sudden Mmults",2000,0,1,10,"Old",-0.573977254
"Old Sudden Mmults",2005,0,1,2,"Old",0.220653489
"Old Sudden Mmults",2005,0,1,3,"Old",-0.032622285
"Old Sudden Mmults",2005,0,1,4,"Old",-0.187074082
"Old Sudden Mmults",2005,0,1,5,"Old",-0.303723787
"Old Sudden Mmults",2005,0,1,6,"Old",-0.397219563
"Old Sudden Mmults",2005,0,1,7,"Old",-0.472333667
"Old Sudden Mmults",2005,0,1,8,"Old",-0.530724792
"Old Sudden Mmults",2005,0,1,9,"Old",-0.573014092
"Old Sudden Mmults",2005,0,1,10,"Old",-0.600328154
"Old Sudden Mmults",2010,0,1,2,"Old",0.25844064
"Old Sudden Mmults",2010,0,1,3,"Old",-0.015261776
"Old Sudden Mmults",2010,0,1,4,"Old",-0.189903196
"Old Sudden Mmults",2010,0,1,5,"Old",-0.318130234
"Old Sudden Mmults",2010,0,1,6,"Old",-0.413849936
"Old Sudden Mmults",2010,0,1,7,"Old",-0.483416708
"Old Sudden Mmults",2010,0,1,8,"Old",-0.531572975
"Old Sudden Mmults",2010,0,1,9,"Old",-0.563295805
"Old Sudden Mmults",2010,0,1,10,"Old",-0.583730306
"Old Sudden Mmults",2013,0,1,2,"Old",0.395004922
"Old Sudden Mmults",2013,0,1,3,"Old",0.070723891
"Old Sudden Mmults",2013,0,1,4,"Old",-0.105563483
"Old Sudden Mmults",2013,0,1,5,"Old",-0.235614103
"Old Sudden Mmults",2013,0,1,6,"Old",-0.334802398
"Old Sudden Mmults",2013,0,1,7,"Old",-0.407684241
"Old Sudden Mmults",2013,0,1,8,"Old",-0.459401886
"Old Sudden Mmults",2013,0,1,9,"Old",-0.495802067
"Old Sudden Mmults",2013,0,1,10,"Old",-0.521911295
"Old Sudden Mmults",2015,0,1,2,"Old",0.856425823
"Old Sudden Mmults",2015,0,1,3,"Old",0.352458035
"Old Sudden Mmults",2015,0,1,4,"Old",0.113866628
"Old Sudden Mmults",2015,0,1,5,"Old",-0.033617693
"Old Sudden Mmults",2015,0,1,6,"Old",-0.138501051
"Old Sudden Mmults",2015,0,1,7,"Old",-0.216387736
"Old Sudden Mmults",2015,0,1,8,"Old",-0.27410961
"Old Sudden Mmults",2015,0,1,9,"Old",-0.316562088
"Old Sudden Mmults",2015,0,1,10,"Old",-0.34798935
"Old Sudden Mmults",1995,0,1,2.5,"Old",0.068673007
"Old Sudden Mmults",1995,0,1,2.6,"Old",0.048534145
"Old Sudden Mmults",1995,0,1,2.7,"Old",0.029578658
"Old Sudden Mmults",1995,0,1,2.8,"Old",0.011772707
"Old Sudden Mmults",1995,0,1,2.9,"Old",-0.004900945
"Old Sudden Mmults",2000,0,1,2.5,"Old",0.06180771
"Old Sudden Mmults",2000,0,1,2.6,"Old",0.040874515
"Old Sudden Mmults",2000,0,1,2.7,"Old",0.02114247
"Old Sudden Mmults",2000,0,1,2.8,"Old",0.0026205
"Old Sudden Mmults",2000,0,1,2.9,"Old",-0.014834609
"Old Sudden Mmults",2005,0,1,2.5,"Old",0.072491751
"Old Sudden Mmults",2005,0,1,2.6,"Old",0.048921688
"Old Sudden Mmults",2005,0,1,2.7,"Old",0.026776501
"Old Sudden Mmults",2005,0,1,2.8,"Old",0.005970473
"Old Sudden Mmults",2005,0,1,2.9,"Old",-0.013775447
"Old Sudden Mmults",2010,0,1,2.5,"Old",0.101036234
"Old Sudden Mmults",2010,0,1,2.6,"Old",0.075446341
"Old Sudden Mmults",2010,0,1,2.7,"Old",0.051113674
"Old Sudden Mmults",2010,0,1,2.8,"Old",0.027990585
"Old Sudden Mmults",2010,0,1,2.9,"Old",0.005913383
"Old Sudden Mmults",2013,0,1,3.1,"Old",0.049655719
"Old Sudden Mmults",2013,0,1,3.2,"Old",0.029602801
"Old Sudden Mmults",2013,0,1,3.3,"Old",0.010442823
"Old Sudden Mmults",2013,0,1,3.4,"Old",-0.007929093
"Old Sudden Mmults",2013,0,1,3.5,"Old",-0.025599715
"Old Sudden Mmults",2015,0,1,4.5,"Old",0.033109527
"Old Sudden Mmults",2015,0,1,4.6,"Old",0.018821895
"Old Sudden Mmults",2015,0,1,4.7,"Old",0.005007539
"Old Sudden Mmults",2015,0,1,4.8,"Old",-0.008319713
"Old Sudden Mmults",2015,0,1,4.9,"Old",-0.021185561
"Young Ramp4 Mmults",1995,4,1,2,"Young",1.528378201
"Young Ramp4 Mmults",1995,4,1,3,"Young",0.820300075
"Young Ramp4 Mmults",1995,4,1,4,"Young",0.352049394
"Young Ramp4 Mmults",1995,4,1,5,"Young",0.077923456
"Young Ramp4 Mmults",1995,4,1,6,"Young",-0.136625697
"Young Ramp4 Mmults",1995,4,1,7,"Young",-0.315304101
"Young Ramp4 Mmults",1995,4,1,8,"Young",-0.460471001
"Young Ramp4 Mmults",1995,4,1,9,"Young",-0.574968013
"Young Ramp4 Mmults",1995,4,1,10,"Young",-0.665022938
"Young Ramp4 Mmults",2000,4,1,2,"Young",1.384531023
"Young Ramp4 Mmults",2000,4,1,3,"Young",0.619373663
"Young Ramp4 Mmults",2000,4,1,4,"Young",0.15524158
"Young Ramp4 Mmults",2000,4,1,5,"Young",-0.126420842
"Young Ramp4 Mmults",2000,4,1,6,"Young",-0.341482348
"Young Ramp4 Mmults",2000,4,1,7,"Young",-0.506475424
"Young Ramp4 Mmults",2000,4,1,8,"Young",-0.627802907
"Young Ramp4 Mmults",2000,4,1,9,"Young",-0.715820843
"Young Ramp4 Mmults",2000,4,1,10,"Young",-0.781322749
"Young Ramp4 Mmults",2005,4,1,2,"Young",1.252344042
"Young Ramp4 Mmults",2005,4,1,3,"Young",0.427354443
"Young Ramp4 Mmults",2005,4,1,4,"Young",-0.01857707
"Young Ramp4 Mmults",2005,4,1,5,"Young",-0.306835256
"Young Ramp4 Mmults",2005,4,1,6,"Young",-0.515792741
"Young Ramp4 Mmults",2005,4,1,7,"Young",-0.658299142
"Young Ramp4 Mmults",2005,4,1,8,"Young",-0.752096164
"Young Ramp4 Mmults",2005,4,1,9,"Young",-0.81529047
"Young Ramp4 Mmults",2005,4,1,10,"Young",-0.860652143
"Young Ramp4 Mmults",2010,4,1,2,"Young",1.450431936
"Young Ramp4 Mmults",2010,4,1,3,"Young",0.497668808
"Young Ramp4 Mmults",2010,4,1,4,"Young",-0.112269093
"Young Ramp4 Mmults",2010,4,1,5,"Young",-0.435016646
"Young Ramp4 Mmults",2010,4,1,6,"Young",-0.679009391
"Young Ramp4 Mmults",2010,4,1,7,"Young",-0.759059926
"Young Ramp4 Mmults",2010,4,1,8,"Young",-0.828906539
"Young Ramp4 Mmults",2010,4,1,9,"Young",-0.870081288
"Young Ramp4 Mmults",2010,4,1,10,"Young",-0.894270072
"Young Ramp4 Mmults",2013,4,1,2,"Young",1.974336296
"Young Ramp4 Mmults",2013,4,1,3,"Young",1.411681793
"Young Ramp4 Mmults",2013,4,1,4,"Young",0.689627038
"Young Ramp4 Mmults",2013,4,1,5,"Young",-0.025235708
"Young Ramp4 Mmults",2013,4,1,6,"Young",-0.513817101
"Young Ramp4 Mmults",2013,4,1,7,"Young",-0.749755942
"Young Ramp4 Mmults",2013,4,1,8,"Young",-0.834906068
"Young Ramp4 Mmults",2013,4,1,9,"Young",-0.876855707
"Young Ramp4 Mmults",2013,4,1,10,"Young",-0.899748221
"Young Ramp4 Mmults",2015,4,1,2,"Young",2.283249319
"Young Ramp4 Mmults",2015,4,1,3,"Young",2.274866495
"Young Ramp4 Mmults",2015,4,1,4,"Young",2.154194472
"Young Ramp4 Mmults",2015,4,1,5,"Young",1.918592082
"Young Ramp4 Mmults",2015,4,1,6,"Young",1.340512031
"Young Ramp4 Mmults",2015,4,1,7,"Young",0.664135538
"Young Ramp4 Mmults",2015,4,1,8,"Young",0.11592215
"Young Ramp4 Mmults",2015,4,1,9,"Young",-0.2442633
"Young Ramp4 Mmults",2015,4,1,10,"Young",-0.46782179
"Young Ramp4 Mmults",1995,4,1,5.1,"Young",0.054550822
"Young Ramp4 Mmults",1995,4,1,5.2,"Young",0.03166718
"Young Ramp4 Mmults",1995,4,1,5.3,"Young",0.009241171
"Young Ramp4 Mmults",1995,4,1,5.4,"Young",-0.012753556
"Young Ramp4 Mmults",1995,4,1,5.5,"Young",-0.03433882
"Young Ramp4 Mmults",2000,4,1,4.3,"Young",0.060880165
"Young Ramp4 Mmults",2000,4,1,4.4,"Young",0.03166679
"Young Ramp4 Mmults",2000,4,1,4.5,"Young",0.00338753
"Young Ramp4 Mmults",2000,4,1,4.6,"Young",-0.024039906
"Young Ramp4 Mmults",2000,4,1,4.7,"Young",-0.050683146
"Young Ramp4 Mmults",2005,4,1,3.5,"Young",0.170316939
"Young Ramp4 Mmults",2005,4,1,3.6,"Young",0.128781109
"Young Ramp4 Mmults",2005,4,1,3.7,"Young",0.089393387
"Young Ramp4 Mmults",2005,4,1,3.8,"Young",1.037626923
"Young Ramp4 Mmults",2005,4,1,3.9,"Young",0.01592641
"Young Ramp4 Mmults",2010,4,1,3.5,"Young",0.128529898
"Young Ramp4 Mmults",2010,4,1,3.6,"Young",0.071517552
"Young Ramp4 Mmults",2010,4,1,3.7,"Young",0.02016408
"Young Ramp4 Mmults",2010,4,1,3.8,"Young",-0.027006344
"Young Ramp4 Mmults",2010,4,1,3.9,"Young",-0.070941958
"Young Ramp4 Mmults",2013,4,1,4.5,"Young",0.32559493
"Young Ramp4 Mmults",2013,4,1,4.6,"Young",0.253804645
"Young Ramp4 Mmults",2013,4,1,4.7,"Young",0.179996771
"Young Ramp4 Mmults",2013,4,1,4.8,"Young",0.108901699
"Young Ramp4 Mmults",2013,4,1,4.9,"Young",0.040480957
"Young Ramp4 Mmults",2015,4,1,8.1,"Young",0.072002102
"Young Ramp4 Mmults",2015,4,1,8.2,"Young",0.023355775
"Young Ramp4 Mmults",2015,4,1,8.3,"Young",-0.010172911
"Young Ramp4 Mmults",2015,4,1,8.4,"Young",-0.048533353
"Young Ramp4 Mmults",2015,4,1,8.5,"Young",-0.085152081
"Old Ramp4 Mmults",1995,4,1,2,"Old",0.19036966
"Old Ramp4 Mmults",1995,4,1,3,"Old",-0.021343638
"Old Ramp4 Mmults",1995,4,1,4,"Old",-0.150463064
"Old Ramp4 Mmults",1995,4,1,5,"Old",-0.24853535
"Old Ramp4 Mmults",1995,4,1,6,"Old",-0.330247251
"Old Ramp4 Mmults",1995,4,1,7,"Old",-0.400914335
"Old Ramp4 Mmults",1995,4,1,8,"Old",-0.461424158
"Old Ramp4 Mmults",1995,4,1,9,"Old",-0.511097761
"Old Ramp4 Mmults",1995,4,1,10,"Old",-0.548835259
"Old Ramp4 Mmults",2000,4,1,2,"Old",0.192525413
"Old Ramp4 Mmults",2000,4,1,3,"Old",-0.026384147
"Old Ramp4 Mmults",2000,4,1,4,"Old",-0.161173616
"Old Ramp4 Mmults",2000,4,1,5,"Old",-0.2643335
"Old Ramp4 Mmults",2000,4,1,6,"Old",-0.349905331
"Old Ramp4 Mmults",2000,4,1,7,"Old",-0.422475508
"Old Ramp4 Mmults",2000,4,1,8,"Old",-0.482690534
"Old Ramp4 Mmults",2000,4,1,9,"Old",-0.529940212
"Old Ramp4 Mmults",2000,4,1,10,"Old",-0.563555645
"Old Ramp4 Mmults",2005,4,1,2,"Old",0.202298768
"Old Ramp4 Mmults",2005,4,1,3,"Old",-0.038520145
"Old Ramp4 Mmults",2005,4,1,4,"Old",-0.1836321
"Old Ramp4 Mmults",2005,4,1,5,"Old",-0.293487073
"Old Ramp4 Mmults",2005,4,1,6,"Old",-0.382779109
"Old Ramp4 Mmults",2005,4,1,7,"Old",-0.456224214
"Old Ramp4 Mmults",2005,4,1,8,"Old",-0.514985673
"Old Ramp4 Mmults",2005,4,1,9,"Old",-0.559087905
"Old Ramp4 Mmults",2005,4,1,10,"Old",-0.588786168
"Old Ramp4 Mmults",2010,4,1,2,"Old",0.242276307
"Old Ramp4 Mmults",2010,4,1,3,"Old",-0.023964887
"Old Ramp4 Mmults",2010,4,1,4,"Old",-0.189890013
"Old Ramp4 Mmults",2010,4,1,5,"Old",-0.313304596
"Old Ramp4 Mmults",2010,4,1,6,"Old",-0.408948206
"Old Ramp4 Mmults",2010,4,1,7,"Old",-0.482621967
"Old Ramp4 Mmults",2010,4,1,8,"Old",-0.537372991
"Old Ramp4 Mmults",2010,4,1,9,"Old",-0.575592379
"Old Ramp4 Mmults",2010,4,1,10,"Old",-0.60025421
"Old Ramp4 Mmults",2013,4,1,2,"Old",0.287340494
"Old Ramp4 Mmults",2013,4,1,3,"Old",0.006939328
"Old Ramp4 Mmults",2013,4,1,4,"Old",-0.170590281
"Old Ramp4 Mmults",2013,4,1,5,"Old",-0.303720868
"Old Ramp4 Mmults",2013,4,1,6,"Old",-0.403313094
"Old Ramp4 Mmults",2013,4,1,7,"Old",-0.475608125
"Old Ramp4 Mmults",2013,4,1,8,"Old",-0.526109496
"Old Ramp4 Mmults",2013,4,1,9,"Old",-0.56038563
"Old Ramp4 Mmults",2013,4,1,10,"Old",-0.583521068
"Old Ramp4 Mmults",2015,4,1,2,"Old",0.405391664
"Old Ramp4 Mmults",2015,4,1,3,"Old",0.085477528
"Old Ramp4 Mmults",2015,4,1,4,"Old",-0.091394708
"Old Ramp4 Mmults",2015,4,1,5,"Old",-0.2243583
"Old Ramp4 Mmults",2015,4,1,6,"Old",-0.328443133
"Old Ramp4 Mmults",2015,4,1,7,"Old",-0.407206597
"Old Ramp4 Mmults",2015,4,1,8,"Old",-0.464703471
"Old Ramp4 Mmults",2015,4,1,9,"Old",-0.506113953
"Old Ramp4 Mmults",2015,4,1,10,"Old",-0.53624989
"Old Ramp4 Mmults",1995,4,1,2.5,"Old",0.067096614
"Old Ramp4 Mmults",1995,4,1,2.6,"Old",0.047158354
"Old Ramp4 Mmults",1995,4,1,2.7,"Old",0.028444529
"Old Ramp4 Mmults",1995,4,1,2.8,"Old",0.010838555
"Old Ramp4 Mmults",1995,4,1,2.9,"Old",-0.005631519
"Old Ramp4 Mmults",2000,4,1,2.5,"Old",0.065010869
"Old Ramp4 Mmults",2000,4,1,2.6,"Old",0.044486693
"Old Ramp4 Mmults",2000,4,1,2.7,"Old",0.025143274
"Old Ramp4 Mmults",2000,4,1,2.8,"Old",0.00699789
"Old Ramp4 Mmults",2000,4,1,2.9,"Old",-0.010058508
"Old Ramp4 Mmults",2005,4,1,2.5,"Old",0.06068707
"Old Ramp4 Mmults",2005,4,1,2.6,"Old",0.03839698
"Old Ramp4 Mmults",2005,4,1,2.7,"Old",0.017428884
"Old Ramp4 Mmults",2005,4,1,2.8,"Old",-0.002240719
"Old Ramp4 Mmults",2005,4,1,2.9,"Old",-0.020804272
"Old Ramp4 Mmults",2010,4,1,2.5,"Old",0.088376889
"Old Ramp4 Mmults",2010,4,1,2.6,"Old",0.063472332
"Old Ramp4 Mmults",2010,4,1,2.7,"Old",0.039963809
"Old Ramp4 Mmults",2010,4,1,2.8,"Old",0.017591359
"Old Ramp4 Mmults",2010,4,1,2.9,"Old",-0.003732946
"Old Ramp4 Mmults",2013,4,1,3.1,"Old",-0.013632418
"Old Ramp4 Mmults",2013,4,1,3.2,"Old",-0.033370499
"Old Ramp4 Mmults",2013,4,1,3.3,"Old",-0.052435162
"Old Ramp4 Mmults",2013,4,1,3.4,"Old",-0.070892309
"Old Ramp4 Mmults",2013,4,1,3.5,"Old",-0.088786512
"Old Ramp4 Mmults",2015,4,1,3.3,"Old",0.025281949
"Old Ramp4 Mmults",2015,4,1,3.4,"Old",0.006886564
"Old Ramp4 Mmults",2015,4,1,3.5,"Old",-0.010832725
"Old Ramp4 Mmults",2015,4,1,3.6,"Old",-0.027947081
"Old Ramp4 Mmults",2015,4,1,3.7,"Old",-0.044515224
"Ramp9 Cmults",1995,9,2,1,"All Ages",1.833399163
"Ramp9 Cmults",1995,9,3,1,"All Ages",1.514769243
"Ramp9 Cmults",1995,9,4,1,"All Ages",1.31053583
"Ramp9 Cmults",1995,9,5,1,"All Ages",1.178016624
"Ramp9 Cmults",1995,9,6,1,"All Ages",1.090341764
"Ramp9 Cmults",1995,9,7,1,"All Ages",1.0269581
"Ramp9 Cmults",1995,9,8,1,"All Ages",0.978103157
"Ramp9 Cmults",1995,9,9,1,"All Ages",0.938687458
"Ramp9 Cmults",1995,9,10,1,"All Ages",0.905814352
"Ramp9 Cmults",2000,9,2,1,"All Ages",1.649625782
"Ramp9 Cmults",2000,9,3,1,"All Ages",1.238260328
"Ramp9 Cmults",2000,9,4,1,"All Ages",1.032519467
"Ramp9 Cmults",2000,9,5,1,"All Ages",0.915526594
"Ramp9 Cmults",2000,9,6,1,"All Ages",0.835632436
"Ramp9 Cmults",2000,9,7,1,"All Ages",0.775193809
"Ramp9 Cmults",2000,9,8,1,"All Ages",0.72661964
"Ramp9 Cmults",2000,9,9,1,"All Ages",0.686035322
"Ramp9 Cmults",2000,9,10,1,"All Ages",0.651210936
"Ramp9 Cmults",2005,9,2,1,"All Ages",1.463614307
"Ramp9 Cmults",2005,9,3,1,"All Ages",1.026614477
"Ramp9 Cmults",2005,9,4,1,"All Ages",0.839807279
"Ramp9 Cmults",2005,9,5,1,"All Ages",0.724873872
"Ramp9 Cmults",2005,9,6,1,"All Ages",0.640724038
"Ramp9 Cmults",2005,9,7,1,"All Ages",0.573832136
"Ramp9 Cmults",2005,9,8,1,"All Ages",0.518170837
"Ramp9 Cmults",2005,9,9,1,"All Ages",0.470503575
"Ramp9 Cmults",2005,9,10,1,"All Ages",0.428867366
"Ramp9 Cmults",2010,9,2,1,"All Ages",1.307463288
"Ramp9 Cmults",2010,9,3,1,"All Ages",0.860672823
"Ramp9 Cmults",2010,9,4,1,"All Ages",0.674179769
"Ramp9 Cmults",2010,9,5,1,"All Ages",0.549848063
"Ramp9 Cmults",2010,9,6,1,"All Ages",0.454781093
"Ramp9 Cmults",2010,9,7,1,"All Ages",0.377711143
"Ramp9 Cmults",2010,9,8,1,"All Ages",0.313146926
"Ramp9 Cmults",2010,9,9,1,"All Ages",0.25786941
"Ramp9 Cmults",2010,9,10,1,"All Ages",0.209781074
"Ramp9 Cmults",2013,9,2,1,"All Ages",1.470937161
"Ramp9 Cmults",2013,9,3,1,"All Ages",0.86374213
"Ramp9 Cmults",2013,9,4,1,"All Ages",0.624553228
"Ramp9 Cmults",2013,9,5,1,"All Ages",0.471929824
"Ramp9 Cmults",2013,9,6,1,"All Ages",0.357750861
"Ramp9 Cmults",2013,9,7,1,"All Ages",0.266793778
"Ramp9 Cmults",2013,9,8,1,"All Ages",0.191781821
"Ramp9 Cmults",2013,9,9,1,"All Ages",0.128475447
"Ramp9 Cmults",2013,9,10,1,"All Ages",0.074127285
"Ramp9 Cmults",2015,9,2,1,"All Ages",1.745828354
"Ramp9 Cmults",2015,9,3,1,"All Ages",1.015577905
"Ramp9 Cmults",2015,9,4,1,"All Ages",0.678630889
"Ramp9 Cmults",2015,9,5,1,"All Ages",0.48879341
"Ramp9 Cmults",2015,9,6,1,"All Ages",0.352443036
"Ramp9 Cmults",2015,9,7,1,"All Ages",0.246135103
"Ramp9 Cmults",2015,9,8,1,"All Ages",0.159814755
"Ramp9 Cmults",2015,9,9,1,"All Ages",0.087893629
"Ramp9 Cmults",2015,9,10,1,"All Ages",0.02683655
"Ramp9 Mmults",1995,9,1,6,"All Ages",-0.61321631423577
"Ramp9 Mmults",1995,9,1,7,"All Ages",-0.672883301157363
"Ramp9 Mmults",1995,9,1,8,"All Ages",-0.613215205055805
"Ramp9 Mmults",1995,9,1,9,"All Ages",-0.740402042294653
"Ramp9 Mmults",1995,9,1,10,"All Ages",26.386098610674
"Ramp9 Mmults",2000,9,1,6,"All Ages",-0.693686593605732
"Ramp9 Mmults",2000,9,1,7,"All Ages",-0.745412735256348
"Ramp9 Mmults",2000,9,1,8,"All Ages",-0.780464338975095
"Ramp9 Mmults",2000,9,1,9,"All Ages",-0.798820430801813
"Ramp9 Mmults",2000,9,1,10,"All Ages",-0.81836560048153
"Ramp9 Mmults",2005,9,1,6,"All Ages",-0.769830250097834
"Ramp9 Mmults",2005,9,1,7,"All Ages",-0.810294197833848
"Ramp9 Mmults",2005,9,1,8,"All Ages",-0.837061404865752
"Ramp9 Mmults",2005,9,1,9,"All Ages",-0.860109587781136
"Ramp9 Mmults",2005,9,1,10,"All Ages",-0.882190597911127
"Ramp9 Mmults",2010,9,1,6,"All Ages",-0.823760164845016
"Ramp9 Mmults",2010,9,1,7,"All Ages",-0.858609656903067
"Ramp9 Mmults",2010,9,1,8,"All Ages",-0.882863153535011
"Ramp9 Mmults",2010,9,1,9,"All Ages",-0.905524005111515
"Ramp9 Mmults",2010,9,1,10,"All Ages",-0.924789691915809
"Ramp9 Mmults",2013,9,1,6,"All Ages",-0.849212215417932
"Ramp9 Mmults",2013,9,1,7,"All Ages",-0.88006964753384
"Ramp9 Mmults",2013,9,1,8,"All Ages",-0.903811507038758
"Ramp9 Mmults",2013,9,1,9,"All Ages",-0.924768084964964
"Ramp9 Mmults",2013,9,1,10,"All Ages",-0.94182058993244
"Ramp9 Mmults",2015,9,1,6,"All Ages",-0.853689109261701
"Ramp9 Mmults",2015,9,1,7,"All Ages",-0.888931926301348
"Ramp9 Mmults",2015,9,1,8,"All Ages",-0.912390166174816
"Ramp9 Mmults",2015,9,1,9,"All Ages",-0.931352457259318
"Ramp9 Mmults",2015,9,1,10,"All Ages",-0.911554158867978
